-- MySQL Script generated by MySQL Workbench
-- 01/27/15 11:12:07
-- Model: New Model    Version: 1.0
SET @OLD_UNIQUE_CHECKS=@@UNIQUE_CHECKS, UNIQUE_CHECKS=0;
SET @OLD_FOREIGN_KEY_CHECKS=@@FOREIGN_KEY_CHECKS, FOREIGN_KEY_CHECKS=0;
SET @OLD_SQL_MODE=@@SQL_MODE, SQL_MODE='TRADITIONAL,ALLOW_INVALID_DATES';

-- -----------------------------------------------------
-- Schema highschool
-- -----------------------------------------------------
DROP SCHEMA IF EXISTS `highschool` ;
CREATE SCHEMA IF NOT EXISTS `highschool` DEFAULT CHARACTER SET utf8 COLLATE utf8_general_ci ;
USE `highschool` ;

-- -----------------------------------------------------
-- Table `highschool`.`Student`
-- -----------------------------------------------------
DROP TABLE IF EXISTS `highschool`.`Student` ;

CREATE TABLE IF NOT EXISTS `highschool`.`Student` (
  `idStudent` INT NOT NULL,
  `firstName` VARCHAR(45) NOT NULL,
  `lastName` VARCHAR(45) NOT NULL,
  `birthDay` DATE NULL,
  PRIMARY KEY (`idStudent`))
ENGINE = InnoDB;


-- -----------------------------------------------------
-- Table `highschool`.`Teacher`
-- -----------------------------------------------------
DROP TABLE IF EXISTS `highschool`.`Teacher` ;

CREATE TABLE IF NOT EXISTS `highschool`.`Teacher` (
  `idTeacher` INT NOT NULL,
  `firstName` VARCHAR(45) NOT NULL,
  `lastName` VARCHAR(45) NOT NULL,
  `birthDay` DATE NULL,
  PRIMARY KEY (`idTeacher`))
ENGINE = InnoDB;


-- -----------------------------------------------------
-- Table `highschool`.`Course`
-- -----------------------------------------------------
DROP TABLE IF EXISTS `highschool`.`Course` ;

CREATE TABLE IF NOT EXISTS `highschool`.`Course` (
  `idCourse` INT NOT NULL,
  `name` VARCHAR(45) NOT NULL,
  `hoursPerWeek` INT NULL,
  `idTeacher` INT NOT NULL,
  PRIMARY KEY (`idCourse`),
  INDEX `fk_Course_Teacher1_idx` (`idTeacher` ASC),
  CONSTRAINT `fk_Course_Teacher1`
    FOREIGN KEY (`idTeacher`)
    REFERENCES `highschool`.`Teacher` (`idTeacher`)
    ON DELETE NO ACTION
    ON UPDATE NO ACTION)
ENGINE = InnoDB;


-- -----------------------------------------------------
-- Table `highschool`.`Scheduler`
-- -----------------------------------------------------
DROP TABLE IF EXISTS `highschool`.`Scheduler` ;

CREATE TABLE IF NOT EXISTS `highschool`.`Scheduler` (
  `idScheduler` INT NOT NULL,
  `day` DATE NOT NULL,
  `startTime` TIME NOT NULL,
  `endTime` TIME NOT NULL,
  `idCourse` INT NOT NULL,
  PRIMARY KEY (`idScheduler`, `idCourse`),
  INDEX `fk_Scheduler_Course1_idx` (`idCourse` ASC),
  CONSTRAINT `fk_Scheduler_Course1`
    FOREIGN KEY (`idCourse`)
    REFERENCES `highschool`.`Course` (`idCourse`)
    ON DELETE NO ACTION
    ON UPDATE NO ACTION)
ENGINE = InnoDB;


-- -----------------------------------------------------
-- Table `highschool`.`Assists`
-- -----------------------------------------------------
DROP TABLE IF EXISTS `highschool`.`Assists` ;

CREATE TABLE IF NOT EXISTS `highschool`.`Assists` (
  `idCourse` INT NOT NULL,
  `idStudent` INT NOT NULL,
  `partialNote1` FLOAT NULL,
  `partialNote2` FLOAT NULL,
  `partialNote3` FLOAT NULL,
  `finalNote` FLOAT NULL,
  PRIMARY KEY (`idCourse`, `idStudent`),
  INDEX `fk_Course_has_Student_Student1_idx` (`idStudent` ASC),
  INDEX `fk_Course_has_Student_Course1_idx` (`idCourse` ASC),
  CONSTRAINT `fk_Course_has_Student_Course1`
    FOREIGN KEY (`idCourse`)
    REFERENCES `highschool`.`Course` (`idCourse`)
    ON DELETE NO ACTION
    ON UPDATE NO ACTION,
  CONSTRAINT `fk_Course_has_Student_Student1`
    FOREIGN KEY (`idStudent`)
    REFERENCES `highschool`.`Student` (`idStudent`)
    ON DELETE NO ACTION
    ON UPDATE NO ACTION)
ENGINE = InnoDB;


SET SQL_MODE=@OLD_SQL_MODE;
SET FOREIGN_KEY_CHECKS=@OLD_FOREIGN_KEY_CHECKS;
SET UNIQUE_CHECKS=@OLD_UNIQUE_CHECKS;

-- -----------------------------------------------------
-- Data for table `highschool`.`Person`
-- -----------------------------------------------------
START TRANSACTION;
USE `highschool`;
-- insert teachers
INSERT INTO `highschool`.`Teacher` (`idTeacher`, `firstName`, `lastName`, `birthDay`) VALUES (1, 'Roberto', 'Sotar', '1987-10-10');
INSERT INTO `highschool`.`Teacher` (`idTeacher`, `firstName`, `lastName`, `birthDay`) VALUES (2, 'Marco', 'ciotola', '1988-09-01');
INSERT INTO `highschool`.`Teacher` (`idTeacher`, `firstName`, `lastName`, `birthDay`) VALUES (3, 'Martin', 'Izquierdo', '1988-11-12');

-- insert students
INSERT INTO `highschool`.`Student` (`idStudent`, `firstName`, `lastName`, `birthDay`) VALUES (4, 'Juan', 'Perez', '1992-03-05');
INSERT INTO `highschool`.`Student` (`idStudent`, `firstName`, `lastName`, `birthDay`) VALUES (5, 'Pedro', 'Garcia', '1992-05-12');
INSERT INTO `highschool`.`Student` (`idStudent`, `firstName`, `lastName`, `birthDay`) VALUES (6, 'Pablo', 'Gatica', '1993-12-20');
INSERT INTO `highschool`.`Student` (`idStudent`, `firstName`, `lastName`, `birthDay`) VALUES (7, 'Gabriel', 'Parodi', '1988-10-30');
INSERT INTO `highschool`.`Student` (`idStudent`, `firstName`, `lastName`, `birthDay`) VALUES (8, 'Jorge', 'Bravo', '1988-10-30');
INSERT INTO `highschool`.`Student` (`idStudent`, `firstName`, `lastName`, `birthDay`) VALUES (9, 'Sofia', 'Alderete', '1992-03-05');
INSERT INTO `highschool`.`Student` (`idStudent`, `firstName`, `lastName`, `birthDay`) VALUES (10, 'Agustin', 'Conejo', '1988-10-30');
INSERT INTO `highschool`.`Student` (`idStudent`, `firstName`, `lastName`, `birthDay`) VALUES (11, 'Esteban', 'Volentini', '1990-04-05');
INSERT INTO `highschool`.`Student` (`idStudent`, `firstName`, `lastName`, `birthDay`) VALUES (12, 'Daniel', 'Cohen', '1993-12-20');
INSERT INTO `highschool`.`Student` (`idStudent`, `firstName`, `lastName`, `birthDay`) VALUES (13, 'Nicolas', 'Ragone', '1990-04-05');
INSERT INTO `highschool`.`Student` (`idStudent`, `firstName`, `lastName`, `birthDay`) VALUES (14, 'Juan Pablo', 'Abuin', '1990-04-05');
INSERT INTO `highschool`.`Student` (`idStudent`, `firstName`, `lastName`, `birthDay`) VALUES (15, 'Alfredo', 'Hidalgo', '1992-05-12');
INSERT INTO `highschool`.`Student` (`idStudent`, `firstName`, `lastName`, `birthDay`) VALUES (16, 'Victor', 'Hardoy', '1990-04-05');
INSERT INTO `highschool`.`Student` (`idStudent`, `firstName`, `lastName`, `birthDay`) VALUES (17, 'Ruben', 'Rosino', '1994-09-15');
INSERT INTO `highschool`.`Student` (`idStudent`, `firstName`, `lastName`, `birthDay`) VALUES (18, 'Carla', 'Cinquemani', '1992-03-05');
INSERT INTO `highschool`.`Student` (`idStudent`, `firstName`, `lastName`, `birthDay`) VALUES (19, 'Alejandro', 'Ponce', '1994-09-15');
INSERT INTO `highschool`.`Student` (`idStudent`, `firstName`, `lastName`, `birthDay`) VALUES (20, 'Agustina', 'Echeverria', '1994-09-15');
INSERT INTO `highschool`.`Student` (`idStudent`, `firstName`, `lastName`, `birthDay`) VALUES (21, 'Patricia', 'Sosa', '1992-05-12');
INSERT INTO `highschool`.`Student` (`idStudent`, `firstName`, `lastName`, `birthDay`) VALUES (22, 'Mercedes ', 'Sosa', '1994-09-15');
INSERT INTO `highschool`.`Student` (`idStudent`, `firstName`, `lastName`, `birthDay`) VALUES (23, 'Romina', 'Nahas', '1993-12-20');

COMMIT;


-- -----------------------------------------------------
-- Data for table `highschool`.`Course`
-- -----------------------------------------------------
START TRANSACTION;
USE `highschool`;
INSERT INTO `highschool`.`Course` (`idCourse`, `name`, `hoursPerWeek`, `idTeacher`) VALUES (1, 'Cloud Computing', NULL, 3);
INSERT INTO `highschool`.`Course` (`idCourse`, `name`, `hoursPerWeek`, `idTeacher`) VALUES (2, 'DB Laboratory', NULL, 3);
INSERT INTO `highschool`.`Course` (`idCourse`, `name`, `hoursPerWeek`, `idTeacher`) VALUES (3, 'Computer Arquitecture', NULL, 2);
INSERT INTO `highschool`.`Course` (`idCourse`, `name`, `hoursPerWeek`, `idTeacher`) VALUES (4, 'Embebed Systems', NULL, 2);
INSERT INTO `highschool`.`Course` (`idCourse`, `name`, `hoursPerWeek`, `idTeacher`) VALUES (5, 'Java Bootcamp', NULL, 1);

COMMIT;


-- -----------------------------------------------------
-- Data for table `highschool`.`Assists`
-- -----------------------------------------------------
START TRANSACTION;
USE `highschool`;
INSERT INTO `highschool`.`Assists` (`idCourse`,`idStudent`,`partialNote1`,`partialNote2`,`partialNote3`,`finalNote`) VALUES (1,4,80.0,70.0,90.0,80.0);
INSERT INTO `highschool`.`Assists` (`idCourse`,`idStudent`,`partialNote1`,`partialNote2`,`partialNote3`,`finalNote`) VALUES (1,5,90.0,80.0,100.0,90.0);
INSERT INTO `highschool`.`Assists` (`idCourse`,`idStudent`,`partialNote1`,`partialNote2`,`partialNote3`,`finalNote`) VALUES (1,6,40.0,10.0,70.0,70.0);
INSERT INTO `highschool`.`Assists` (`idCourse`,`idStudent`,`partialNote1`,`partialNote2`,`partialNote3`,`finalNote`) VALUES (1,7,70.0,50.0,80.0,60.0);
INSERT INTO `highschool`.`Assists` (`idCourse`,`idStudent`,`partialNote1`,`partialNote2`,`partialNote3`,`finalNote`) VALUES (1,8,40.0,40.0,40.0,40.0);

COMMIT;

-- -----------------------------------------------------
-- Data for table `highschool`.`Scheduler`
-- -----------------------------------------------------
START TRANSACTION;
USE `highschool`;
insert into `highschool`.`scheduler`(`idScheduler`,`day`,`startTime`,`endTime`,`idCourse`) values(1,"2015-01-20","10:00","12:00",1);
insert into `highschool`.`scheduler`(`idScheduler`,`day`,`startTime`,`endTime`,`idCourse`) values(2,"2015-01-21","12:00","13:00",2);
insert into `highschool`.`scheduler`(`idScheduler`,`day`,`startTime`,`endTime`,`idCourse`) values(3,"2015-01-22","8:00","10:00",3);
insert into `highschool`.`scheduler`(`idScheduler`,`day`,`startTime`,`endTime`,`idCourse`) values(4,"2015-01-23","14:00","16:00",4);
COMMIT;